, Dados Cadastrais ,,,,,,,,,,,,, Múltiplos ,,, Proventos ,, Estrutura de Capital ,,,,, Liquidez das Cotas ,,
, Nome , CNPJ , Código de Neg. , Participação no IFIX , Segmento de Listagem , Presença em Pregões , Valor de Mercado , Segmento de Atuação , Mandato , Taxa de Administração , Taxa de Performance , Regulamento do Fundo , Data de Início , P/VPA , VPA , Cotação , Provento por Cota , Dividend Yield , Patrimônio , Ativo Total , Passivo Total , Alavancagem , Data do Balanço Mais Recente , Volume Médio Diário (12 Meses) , Volume Médio Diário (Mês) , Análise 
1.00, Kinea Indices de Precos Fundo -Unica ,24960430000113, KNIP11 ,6.49%, Tradicional ,100%," R$7,440,686 ", TVM , FII TVM Gestão Ativa ,1.0%, Não , https://fnet.bmfbovespa.com.br/fnet/publico/downloadDocumento?id=38771 ,16/09/2016,0.96, R$95.99 ,92.29, R$15.06 ,1456.0%," R$7,739,067 "," R$8,188,600 "," R$449,534 ",5.49%,30/09/2022," R$11,632 "," 9,794 ", Liquidez Alta 
2.00, Kinea Rendimentos Imobiliarios-U ,16706958000132, KNCR11 ,3.91%, Tradicional ,100%," R$5,216,951 ", TVM , FII TVM Gestão Ativa ,1%, Não , https://fnet.bmfbovespa.com.br/fnet/publico/downloadDocumento?id=95632 ,23/10/2012,1.00, R$100.84 , R$101.12 , R$11.43 ,11.7%," R$5,202,523 "," R$5,868,167 "," R$665,644 ",11.34%,30/09/2022," R$9,098 "," 10,688 ", Liquidez Alta 
3.00, CSHG Logistica FII - FII-Unica ,11728688000147, HGLG11 ,3.44%, Tradicional ,100%," R$3,932,746 ", Logistica , FII Renda Gestão Ativa ,Consultar Regulamento, Não , https://fnet.bmfbovespa.com.br/fnet/publico/downloadDocumento?id=311009 ,30/04/2010,1.14, R$147.15 , R$167.66 , R$16.05 ,9.6%," R$3,451,634 "," R$3,858,765 "," R$407,131 ",10.55%,30/09/2022," R$5,359 "," 6,548 ", Liquidez Alta 
4.00, Kinea Renda Imobiliaria Fundo -Unica ,12005956000165, KNRI11 ,3.21%, Tradicional ,100%," R$3,634,439 ", TVM , FII Desenv. para Renda Gestão Ativa ,1%, Não , https://fnet.bmfbovespa.com.br/fnet/publico/downloadDocumento?id=12753 ,11/08/2010,0.94, R$160.09 , R$150.45 , R$10.10 ,7.0%," R$3,867,198 "," R$4,217,678 "," R$350,480 ",8.31%,30/09/2022," R$3,530 "," 2,994 ", Liquidez Alta 
5.00, Iridium Recebiveis Imobiliario-Unica ,28830325000110, IRDM11 ,3.17%, Tradicional ,100%," R$3,609,499 ", TVM , FII TVM Gestão Ativa ,1%, Não , https://fnet.bmfbovespa.com.br/fnet/publico/downloadDocumento?id=67628 ,06/03/2018,1.05, R$94.56 , R$99.07 , R$14.75 ,12.9%," R$3,445,056 "," R$3,480,206 "," R$35,150 ",1.01%,30/09/2022," R$8,365 "," 6,859 ", Liquidez Alta 
6.00, FII Xp Log ,26502794000185, XPLG11 ,2.58%, Tradicional ,100%," R$2,943,175 ", Logistica , FII Desenv. para Renda Gestão Ativa ,1%, Sim , https://fnet.bmfbovespa.com.br/fnet/publico/downloadDocumento?id=54630 ,28/05/2018,0.95, R$114.21 , R$108.60 , R$8.10 ,7.9%," R$3,095,310 "," R$3,254,649 "," R$159,339 ",4.90%,30/09/2022," R$4,845 "," 3,631 ", Liquidez Alta 
7.00, Capitania Securities II FII-Classe A ,18979895000113, CPTS11 ,2.56%, Tradicional ,100%," R$2,891,283 ", TVM , FII TVM Gestão Ativa ,1%, Não , https://fnet.bmfbovespa.com.br/fnet/publico/downloadDocumento?id=97012 ,07/08/2014,0.99, R$91.83 , R$90.97 , R$12.96 ,13.1%," R$2,918,677 "," R$3,222,494 "," R$303,818 ",9.43%,30/09/2022," R$7,438 "," 6,240 ", Liquidez Alta 
8.00, FII FII Rec Recebiveis Imobili-Unica ,28152272000126, RECR11 ,2.04%, Tradicional ,100%," R$2,304,390 ", TVM , FII TVM Gestão Ativa ,0%, Não , https://fnet.bmfbovespa.com.br/fnet/publico/downloadDocumento?id=113045 ,16/10/2017,0.91, R$95.36 , R$87.15 , R$14.13 ,14.2%," R$2,521,563 "," R$2,540,007 "," R$18,445 ",0.73%,30/09/2022," R$5,873 "," 5,627 ", Liquidez Alta 
9.00, Maxi Renda FII-Unica ,97521225000125, MXRF11 ,2.04%, Tradicional ,100%," R$2,314,646 ", TVM , FII TVM Gestão Ativa ,1%, Não , https://fnet.bmfbovespa.com.br/fnet/publico/downloadDocumento?id=58882 ,10/05/2012,1.01, R$10.14 , R$10.24 , R$1.19 ,11.8%," R$2,291,260 "," R$2,315,567 "," R$24,307 ",1.05%,30/09/2022," R$6,503 "," 6,074 ", Liquidez Alta 
10.00, CSHG Renda Urbana - FII-Unica ,29641226000153, HGRU11 ,2.03%, Tradicional ,100%," R$2,315,348 ", Híbrido , FII Renda Gestão Ativa ,1%, Sim , https://fnet.bmfbovespa.com.br/fnet/publico/downloadDocumento?id=124840 ,27/04/2018,1.05, R$119.24 , R$125.79 , R$9.84 ,8.6%," R$2,194,855 "," R$2,370,604 "," R$175,749 ",7.41%,30/09/2022," R$4,032 "," 3,786 ", Liquidez Alta 
11.00, Hectare Ce - FI Imobiliario ,30248180000196, HCTR11 ,2.00%, Tradicional ,100%," R$2,263,631 ", TVM , - ,1%, Sim , https://fnet.bmfbovespa.com.br/fnet/publico/downloadDocumento?id=318108 ,02/10/2018,0.84, R$121.65 , R$102.50 , R$17.67 ,14.2%," R$2,686,572 "," R$2,688,478 "," R$1,906 ",0.07%,30/09/2022," R$8,969 "," 6,831 ", Liquidez Alta 
12.00, Xp Malls FI-Unica ,28757546000100, XPML11 ,1.93%, Tradicional ,100%," R$1,942,697 ", Shoppings , FII Renda Gestão Ativa ,1%, Sim , https://fnet.bmfbovespa.com.br/fnet/publico/downloadDocumento?id=273275 ,22/12/2017,1.02, R$101.94 , R$103.99 , R$7.85 ,7.5%," R$1,904,473 "," R$2,734,551 "," R$830,078 ",30.36%,30/09/2022," R$3,490 "," 3,293 ", Liquidez Alta 
13.00, Hedge Brasil Shopping FII-Unica1 ,8431747000106, HGBS11 ,1.84%, Tradicional ,100%," R$2,096,900 ", Shoppings , FII Renda Gestão Ativa ,1%, Não , https://fnet.bmfbovespa.com.br/fnet/publico/downloadDocumento?id=307931 ,21/11/2006,0.96, R$218.37 , R$209.69 , R$14.30 ,7.7%," R$2,183,678 "," R$2,215,199 "," R$31,520 ",1.42%,30/09/2022," R$1,787 "," 2,657 ", Liquidez Alta 
14.00, CSHG Recebiveis Imobiliarios -Unica ,11160521000122, HGCR11 ,1.81%, Tradicional ,100%," R$1,539,882 ", TVM , FII TVM Gestão Ativa ,Consultar Regulamento, Não , https://fnet.bmfbovespa.com.br/fnet/publico/downloadDocumento?id=331092 ,21/12/2009,1.03, R$101.82 , R$104.99 , R$13.28 ,12.5%," R$1,493,415 "," R$1,542,621 "," R$49,206 ",3.19%,30/09/2022," R$2,856 "," 4,476 ", Liquidez Alta 
15.00, Vinci Shopping Centers Fundo D-Unica ,17554274000125, VISC11 ,1.74%, Tradicional ,100%," R$1,990,295 ", Híbrido , FII Hibrido Gestão Ativa ,1%, Não , https://fnet.bmfbovespa.com.br/fnet/publico/downloadDocumento?id=238030 ,10/03/2014,0.98, R$114.73 , R$112.47 , R$8.35 ,7.9%," R$2,030,372 "," R$2,598,396 "," R$568,024 ",21.86%,30/09/2022," R$2,311 "," 3,057 ", Liquidez Alta 
16.00, FII Tg Ativo Real ,25032881000153, TGAR11 ,1.68%, Tradicional ,100%," R$1,409,738 ", Híbrido , FII Hibrido Gestão Ativa ,Consultar Regulamento, Não , https://fnet.bmfbovespa.com.br/fnet/publico/downloadDocumento?id=203482 ,09/12/2016,1.05, R$119.19 , R$124.65 , R$16.60 ,13.3%," R$1,348,003 "," R$1,825,824 "," R$477,822 ",26.17%,30/09/2022," R$3,466 "," 4,746 ", Liquidez Alta 
17.00, Hedge Top Fofii 3 FII-Unica ,18307582000119, HFOF11 ,1.62%, Tradicional ,100%," R$1,839,540 ", TVM , FII TVM Gestão Ativa ,1%, Sim , https://fnet.bmfbovespa.com.br/fnet/publico/downloadDocumento?id=307929 ,27/02/2018,0.92, R$87.28 , R$79.98 , R$7.26 ,8.7%," R$2,007,343 "," R$2,027,302 "," R$19,959 ",0.98%,30/09/2022," R$1,478 "," 1,037 ", Liquidez Alta 
18.00, BTG Pactual Corporate Office Fund FII ,8924783000101, BRCR11 ,1.58%, Tradicional ,100%," R$1,795,148 ", Híbrido , FII Hibrido Gestão Ativa ,Consultar Regulamento, Não , https://fnet.bmfbovespa.com.br/fnet/publico/downloadDocumento?id=171920 ,21/06/2007,0.67, R$100.42 , R$67.39 , R$5.81 ,8.0%," R$2,674,907 "," R$3,311,969 "," R$637,062 ",19.24%,30/09/2022," R$2,128 "," 2,298 ", Liquidez Alta 
19.00, FII BTG Pactual Fundo de Fundo-Unica ,11026627000138, BCFF11 ,1.58%, Tradicional ,100%," R$1,798,307 ", TVM , FII TVM Gestão Ativa ,0%, Não , https://fnet.bmfbovespa.com.br/fnet/publico/downloadDocumento?id=27460 ,07/01/2010,0.91, R$78.31 , R$71.40 , R$6.52 ,8.9%," R$1,972,331 "," R$1,994,213 "," R$21,881 ",1.10%,30/09/2022," R$2,878 "," 2,515 ", Liquidez Alta 
20.00, Js Real Estate Multigestao FII ,13371132000171, JSRE11 ,1.57%, Tradicional ,100%," R$1,769,584 ", Híbrido , FII Hibrido Gestão Ativa ,1%, Sim , https://fnet.bmfbovespa.com.br/fnet/publico/downloadDocumento?id=17765 ,07/06/2011,0.75, R$113.54 , R$85.21 , R$6.08 ,7.8%," R$2,357,914 "," R$2,534,727 "," R$176,813 ",6.98%,30/09/2022," R$2,685 "," 2,711 ", Liquidez Alta 
21.00, Kinea High Yield Cri Fundo de -Unica ,30130708000128, KNHY11 ,1.57%, Tradicional ,100%," R$1,767,540 ", TVM , FII Hibrido Gestão Ativa ,2%, Não , https://fnet.bmfbovespa.com.br/fnet/publico/downloadDocumento?id=206164 ,03/07/2018,0.98, R$97.61 , R$95.59 , R$14.84 ,13.9%," R$1,804,915 "," R$1,845,131 "," R$40,215 ",2.18%,30/09/2022," R$2,831 "," 2,724 ", Liquidez Alta 
22.00, BTG Pactual Logistica Fundo de-Unica ,11839593000109, BTLG11 ,1.51%, Tradicional ,100%," R$1,953,493 ", Híbrido , FII Renda Gestão Ativa ,1%, Não , https://fnet.bmfbovespa.com.br/fnet/publico/downloadDocumento?id=361421 ,06/08/2010,1.05, R$97.82 , R$102.69 , R$9.54 ,8.9%," R$1,860,855 "," R$2,123,421 "," R$262,567 ",12.37%,30/09/2022," R$4,146 "," 5,571 ", Liquidez Alta 
23.00, CSHG Real Estate FII-Unica ,9072017000129, HGRE11 ,1.48%, Tradicional ,100%," R$1,683,323 ", Lajes Corporativas , FII Renda Gestão Ativa ,Consultar Regulamento, Não , https://fnet.bmfbovespa.com.br/fnet/publico/downloadDocumento?id=130966 ,08/11/2007,0.88, R$161.76 , R$142.44 , R$10.88 ,8.3%," R$1,911,617 "," R$2,007,642 "," R$96,025 ",4.78%,30/09/2022," R$2,252 "," 2,820 ", Liquidez Alta 
24.00, FII Vinci Logistica ,24853044000122, VILG11 ,1.45%, Tradicional ,100%," R$1,650,014 ", Logistica , FII Renda Gestão Ativa ,1%, Sim , https://fnet.bmfbovespa.com.br/fnet/publico/downloadDocumento?id=73742 ,10/12/2018,0.97, R$113.96 , R$110.02 , R$8.35 ,8.1%," R$1,709,134 "," R$1,991,440 "," R$282,306 ",14.18%,30/09/2022," R$2,699 "," 2,205 ", Liquidez Alta 
25.00, Bresco Logistica Fundo de Inve-Unica ,20748515000181, BRCO11 ,1.43%, Tradicional ,100%," R$1,627,883 ", Lajes Corporativas , FII Hibrido Gestão Ativa ,0%, Sim , https://fnet.bmfbovespa.com.br/fnet/publico/downloadDocumento?id=357532 ,05/08/2016,0.93, R$119.07 , R$110.15 , R$7.79 ,7.7%," R$1,759,732 "," R$1,800,106 "," R$40,374 ",2.24%,30/09/2022," R$2,881 "," 3,072 ", Liquidez Alta 
26.00, Hsi Malls Fundo de Investiment-Unica ,32892018000131, HSML11 ,1.29%, Tradicional ,100%," R$1,465,546 ", Shoppings , FII Renda Gestão Ativa ,1%, Sim , https://fnet.bmfbovespa.com.br/fnet/publico/downloadDocumento?id=334680 ,30/07/2019,0.95, R$98.07 , R$92.87 , R$7.18 ,8.9%," R$1,547,656 "," R$2,488,129 "," R$940,472 ",37.80%,30/09/2022," R$2,241 "," 2,521 ", Liquidez Alta 
27.00, BB Progressivo II FII ,14410722000129, BBPO11 ,1.28%, Tradicional ,100%," R$1,452,513 ", Híbrido , FII Renda Gestão Passiva ,0%, Não , https://fnet.bmfbovespa.com.br/fnet/publico/downloadDocumento?id=18415 ,23/08/2012,0.91, R$100.19 , R$91.24 , R$10.74 ,11.6%," R$1,595,070 "," R$1,615,289 "," R$20,219 ",1.25%,30/09/2022," R$1,387 "," 1,198 ", Liquidez Alta 
28.00, Maua Capital Recebiveis Imobil-Unica ,23648935000184, MCCI11 ,1.24%, Tradicional ,100%," R$1,407,025 ", TVM , FII TVM Gestão Ativa ,1%, Sim , https://fnet.bmfbovespa.com.br/fnet/publico/downloadDocumento?id=60760 ,23/09/2016,1.04, R$92.90 , R$96.41 , R$12.50 ,12.5%," R$1,355,782 "," R$1,543,099 "," R$187,318 ",12.14%,30/09/2022," R$3,957 "," 3,131 ", Liquidez Alta 
29.00, Devant Recebiveis Imobiliarios-Unica ,37087810000137, DEVA11 ,1.23%, Tradicional ,100%," R$1,251,801 ", TVM , FII TVM Gestão Ativa ,1%, Sim , https://fnet.bmfbovespa.com.br/fnet/publico/downloadDocumento?id=309216 ,25/08/2020,0.90, R$100.21 , R$90.02 , R$15.12 ,14.9%," R$1,393,482 "," R$1,411,968 "," R$18,486 ",1.31%,30/09/2022," R$4,910 "," 3,559 ", Liquidez Alta 
30.00, Vbi Logistico FI Imobiliario-Unica ,30629603000118, LVBI11 ,1.18%, Tradicional ,100%," R$1,346,845 ", Logistica , FII Renda Gestão Ativa ,1%, Não , https://fnet.bmfbovespa.com.br/fnet/publico/downloadDocumento?id=35326 ,09/11/2018,0.99, R$115.49 , R$114.38 , R$8.68 ,8.6%," R$1,359,913 "," R$1,648,940 "," R$289,027 ",17.53%,30/09/2022," R$2,287 "," 2,837 ", Liquidez Alta 
31.00, Vectis Juros Real FII-Unica ,32400250000105, VCJR11 ,1.17%, Tradicional ,100%," R$1,322,213 ", TVM , FII TVM Gestão Ativa ,2%, Não , https://fnet.bmfbovespa.com.br/fnet/publico/downloadDocumento?id=114783 ,09/10/2019,0.95, R$94.31 , R$89.80 , R$14.04 ,14.4%," R$1,388,689 "," R$1,476,390 "," R$87,700 ",5.94%,30/09/2022," R$1,342 "," 2,055 ", Liquidez Alta 
32.00, Fator Verita Fundo de Investim-Unica ,11664201000100, VRTA11 ,1.10%, Tradicional ,100%," R$1,239,105 ", TVM , FII TVM Gestão Ativa ,Consultar Regulamento, Sim , https://fnet.bmfbovespa.com.br/fnet/publico/downloadDocumento?id=96756 ,05/08/2010,1.01, R$93.72 , R$94.21 , R$14.14 ,12.9%," R$1,232,679 "," R$1,300,558 "," R$67,878 ",5.22%,30/09/2022," R$2,459 "," 3,527 ", Liquidez Alta 
33.00, Hsi Logística FI Imobiliário ,32903621000171, HSLG11 ,1.09%, Tradicional ,100%," R$1,236,256 ", Logistica , FII Renda Gestão Ativa ,Consultar Regulamento, Não , https://fnet.bmfbovespa.com.br/fnet/publico/downloadDocumento?id=130363 ,09/12/2019,0.93, R$105.30 , R$97.65 , R$7.63 ,8.6%," R$1,333,086 "," R$1,344,697 "," R$11,610 ",0.86%,30/09/2022, R$613 , 544 , Liquidez Alta 
34.00, FI Imobilia-Unica ,29467977000103, RBRR11 ,1.07%, Tradicional ,100%," R$1,223,209 ", TVM , FII TVM Gestão Ativa ,0%, Sim , https://fnet.bmfbovespa.com.br/fnet/publico/downloadDocumento?id=190373 ,02/05/2018,0.95, R$95.71 , R$91.02 , R$12.74 ,12.9%," R$1,286,235 "," R$1,354,488 "," R$68,253 ",5.04%,30/09/2022," R$3,727 "," 4,068 ", Liquidez Alta 
35.00, Urca Prime Renda FII ,34508872000187, URPR11 ,1.07%, Tradicional ,100%," R$1,007,217 ", TVM , FII TVM Gestão Ativa ,Consultar Regulamento, Sim , https://fnet.bmfbovespa.com.br/fnet/publico/downloadDocumento?id=108094 ,10/12/2019,1.01, R$101.43 , R$102.17 , R$19.65 ,16.4%," R$999,929 "," R$1,088,848 "," R$88,918 ",8.17%,30/09/2022," R$4,329 "," 4,515 ", Liquidez Alta 
36.00, FII Riza Terrax-Classe Un ,36501128000186, RZTR11 ,1.00%, Tradicional ,100%," R$1,140,708 ", Híbrido , FII Renda Gestão Ativa ,1%, Sim , https://fnet.bmfbovespa.com.br/fnet/publico/downloadDocumento?id=120589 ,02/10/2020,1.06, R$97.53 , R$103.25 , R$14.70 ,14.7%," R$1,077,478 "," R$1,191,564 "," R$114,086 ",9.57%,30/09/2022," R$3,398 "," 3,595 ", Liquidez Alta 
37.00, Kinea Securities Fundo de Inve-1 ,35864448000138, KNSC11 ,1.00%, Tradicional ,100%," R$1,132,824 ", TVM , FII TVM Gestão Ativa ,Consultar Regulamento, Não , https://fnet.bmfbovespa.com.br/fnet/publico/downloadDocumento?id=125351 ,28/10/2020,0.96, R$89.21 , R$85.33 , R$13.21 ,13.3%," R$1,184,271 "," R$1,304,030 "," R$119,759 ",9.18%,30/09/2022," R$4,072 "," 4,018 ", Liquidez Alta 
38.00, FII Agencias Caixa ,15576907000170, RBVA11 ,0.99%, Tradicional ,100%," R$1,124,171 ", Agências , FII Hibrido Gestão Ativa ,1%, Não , https://fnet.bmfbovespa.com.br/fnet/publico/downloadDocumento?id=90795 ,24/09/2012,0.94, R$102.87 , R$97.01 , R$11.60 ,11.2%," R$1,192,129 "," R$1,435,559 "," R$243,430 ",16.96%,30/09/2022, R$832 , 822 , Liquidez Alta 
39.00, Trx Real Estate Fundo de Inves-Unica ,28548288000152, TRXF11 ,0.94%, Tradicional ,100%," R$970,319 ", Híbrido , FII Renda Gestão Ativa ,1%, Sim , https://fnet.bmfbovespa.com.br/fnet/publico/downloadDocumento?id=231736 ,15/10/2019,1.06, R$103.00 , R$109.25 , R$10.02 ,9.8%," R$914,776 "," R$1,747,192 "," R$832,417 ",47.64%,30/09/2022," R$2,420 "," 4,335 ", Liquidez Alta 
40.00, Rbr Alpha Multiestrategia Real-Rbrf11 ,27529279000151, RBRF11 ,0.94%, Tradicional ,100%," R$1,064,364 ", TVM , FII TVM Gestão Ativa ,1%, Sim , https://fnet.bmfbovespa.com.br/fnet/publico/downloadDocumento?id=70351 ,04/09/2017,0.90, R$86.77 , R$77.80 , R$7.35 ,9.2%," R$1,187,129 "," R$1,209,287 "," R$22,157 ",1.83%,30/09/2022," R$2,648 "," 3,766 ", Liquidez Alta 
41.00, Valora Cri Indice de Preco FII-Unica ,34197811000146, VGIP11 ,0.91%, Tradicional ,100%," R$1,027,376 ", TVM , FII TVM Gestão Ativa ,Consultar Regulamento, Sim , https://fnet.bmfbovespa.com.br/fnet/publico/downloadDocumento?id=102323 ,03/01/2020,0.95, R$91.50 , R$87.16 , R$15.45 ,15.5%," R$1,078,558 "," R$1,087,179 "," R$8,621 ",0.79%,30/09/2022," R$3,424 "," 3,563 ", Liquidez Alta 
42.00, FII Green Towers-Unica ,23740527000158, GTWR11 ,0.90%, Tradicional ,100%," R$1,026,000 ", Lajes Corporativas , FII Renda Gestão Passiva ,1%, Não , https://fnet.bmfbovespa.com.br/fnet/publico/downloadDocumento?id=51862 ,11/07/2017,0.87, R$97.99 , R$85.50 , R$8.74 ,10.1%," R$1,175,922 "," R$1,185,399 "," R$9,477 ",0.80%,30/09/2022, R$766 , 899 , Liquidez Alta 
43.00, Malls Brasil Plural FII ,26499833000132, MALL11 ,0.90%, Tradicional ,100%," R$825,666 ", Shoppings , FII Renda Gestão Ativa ,1%, Não , https://fnet.bmfbovespa.com.br/fnet/publico/downloadDocumento?id=128343 ,14/12/2017,1.01, R$108.00 , R$109.21 , R$8.51 ,8.7%," R$816,539 "," R$1,099,544 "," R$283,005 ",25.74%,30/09/2022," R$1,448 "," 1,997 ", Liquidez Alta 
44.00, Alianza Trust Renda Imobiliari-Unica ,28737771000185, ALZR11 ,0.88%, Tradicional ,100%," R$822,150 ", Híbrido , FII Renda Gestão Ativa ,1%, Não , https://fnet.bmfbovespa.com.br/fnet/publico/downloadDocumento?id=318555 ,27/12/2017,1.11, R$106.90 , R$118.76 , R$13.69 ,11.8%," R$740,046 "," R$921,480 "," R$181,434 ",19.69%,30/09/2022," R$1,221 "," 1,515 ", Liquidez Alta 
45.00, FII Vbi Cri-Unica ,28729197000113, CVBI11 ,0.86%, Tradicional ,100%," R$976,277 ", TVM , FII Renda Gestão Ativa ,1%, Não , https://fnet.bmfbovespa.com.br/fnet/publico/downloadDocumento?id=128399 ,02/04/2019,0.94, R$93.87 , R$88.67 , R$13.42 ,12.9%," R$1,033,507 "," R$1,046,316 "," R$12,809 ",1.22%,30/09/2022," R$3,447 "," 3,381 ", Liquidez Alta 
46.00, FII Vbi Prime Properties-Unica ,35652102000176, PVBI11 ,0.85%, Tradicional ,100%," R$968,309 ", Lajes Corporativas , FII Renda Gestão Ativa ,1%, Não , https://fnet.bmfbovespa.com.br/fnet/publico/downloadDocumento?id=109289 ,22/07/2020,0.97, R$99.06 , R$96.45 , R$6.73 ,7.7%," R$994,530 "," R$1,256,936 "," R$262,406 ",20.88%,30/09/2022," R$2,852 "," 2,509 ", Liquidez Alta 
47.00, Ggr Covepi Renda FII ,26614291000100, GGRC11 ,0.84%, Tradicional ,100%," R$949,632 ", Logistica , FII Hibrido Gestão Ativa ,1%, Não , https://fnet.bmfbovespa.com.br/fnet/publico/downloadDocumento?id=62780 ,28/04/2017,0.98, R$124.97 , R$122.40 , R$10.57 ,9.1%," R$969,587 "," R$1,135,368 "," R$165,781 ",14.60%,30/09/2022," R$1,289 "," 1,229 ", Liquidez Alta 
48.00, Vinci Offices FII-Unica ,12516185000170, VINO11 ,0.73%, Tradicional ,100%," R$832,736 ", Híbrido , FII Hibrido Gestão Ativa ,1%, Não , https://fnet.bmfbovespa.com.br/fnet/publico/downloadDocumento?id=69542 ,14/08/2013,0.93, R$53.88 , R$50.27 , R$4.65 ,7.7%," R$892,611 "," R$1,378,524 "," R$485,914 ",35.25%,30/09/2022," R$1,876 "," 1,433 ", Liquidez Alta 
49.00, Habitat II - FII ,30578417000105, HABT11 ,0.69%, Tradicional ,100%," R$780,984 ", TVM , FII TVM Gestão Ativa ,1%, Sim , https://fnet.bmfbovespa.com.br/fnet/publico/downloadDocumento?id=136311 ,29/07/2019,0.96, R$100.20 , R$96.10 , R$15.28 ,13.6%," R$814,337 "," R$824,347 "," R$10,010 ",1.21%,30/09/2022," R$2,353 "," 2,552 ", Liquidez Alta 
50.00, Xp Cred Imob - FII ,28516301000191, XPCI11 ,0.66%, Tradicional ,100%," R$758,601 ", TVM , FII TVM Gestão Ativa ,1%, Não , https://fnet.bmfbovespa.com.br/fnet/publico/downloadDocumento?id=207980 ,12/09/2019,0.90, R$97.05 , R$87.18 , R$12.53 ,12.7%," R$844,466 "," R$853,601 "," R$9,134 ",1.07%,30/09/2022," R$2,790 "," 2,998 ", Liquidez Alta 
51.00, Valora Cri CDI FII-Unica ,29852732000191, VGIR11 ,0.66%, Tradicional ,100%," R$752,534 ", TVM , - ,1%, Sim , https://fnet.bmfbovespa.com.br/fnet/publico/downloadDocumento?id=273765 ,27/07/2018,1.03, R$9.64 , R$9.94 , R$1.35 ,14.1%," R$730,139 "," R$754,135 "," R$23,995 ",3.18%,30/09/2022," R$2,091 "," 4,039 ", Liquidez Alta 
52.00, Santander Renda de Alugueis Fu-Unica ,32903702000171, SARE11 ,0.64%, Tradicional ,100%," R$715,106 ", Híbrido , FII Renda Gestão Ativa ,Consultar Regulamento, Não , https://fnet.bmfbovespa.com.br/fnet/publico/downloadDocumento?id=124024 ,20/12/2019,0.79, R$98.04 , R$77.44 , R$7.63 ,9.7%," R$905,364 "," R$957,601 "," R$52,236 ",5.45%,30/09/2022," R$1,099 "," 1,304 ", Liquidez Alta 
53.00, FII Rbr Properties - FII-Unica ,21408063000151, RBRP11 ,0.62%, Tradicional ,100%," R$703,713 ", Lajes Corporativas , FII Renda Gestão Ativa ,1%, Sim , https://fnet.bmfbovespa.com.br/fnet/publico/downloadDocumento?id=162371 ,31/03/2015,0.69, R$83.47 , R$57.78 , R$5.46 ,7.3%," R$1,016,626 "," R$1,029,400 "," R$12,774 ",1.24%,30/09/2022," R$1,492 "," 1,512 ", Liquidez Alta 
54.00, FI Imobiliario - BTG ,29787928000140, BTCR11 ,0.62%, Tradicional ,100%," R$451,909 ", TVM , FII TVM Gestão Ativa ,1%, Não , https://fnet.bmfbovespa.com.br/fnet/publico/downloadDocumento?id=40467 ,21/03/2018,0.99, R$94.66 , R$93.95 , R$12.74 ,13.8%," R$455,338 "," R$494,900 "," R$39,562 ",7.99%,30/09/2022, R$916 , 640 , Liquidez Alta 
55.00, Valora Hedge Fund FII-Unica ,36771692000119, VGHF11 ,0.60%, Tradicional ,100%," R$683,701 ", TVM , FII TVM Gestão Ativa ,1%, Sim , https://fnet.bmfbovespa.com.br/fnet/publico/downloadDocumento?id=237309 ,26/02/2021,1.00, R$9.34 , R$9.38 , R$1.67 ,17.1%," R$680,699 "," R$696,228 "," R$15,529 ",2.23%,30/09/2022," R$2,971 "," 3,296 ", Liquidez Alta 
56.00, Banestes Recebiveis Imobiliari-Unica ,22219335000138, BCRI11 ,0.57%, Tradicional ,100%," R$645,750 ", TVM , FII TVM Gestão Ativa ,1%, Não , https://fnet.bmfbovespa.com.br/fnet/publico/downloadDocumento?id=80005 ,07/05/2015,1.00, R$103.50 , R$103.19 , R$15.39 ,14.1%," R$647,666 "," R$655,121 "," R$7,455 ",1.14%,30/09/2022," R$1,131 ", 852 , Liquidez Alta 
57.00, Sdi ,16671412000193, SDIL11 ,0.56%, Tradicional ,100%," R$624,988 ", Logistica , FII Renda Gestão Ativa ,Consultar Regulamento, Não , https://fnet.bmfbovespa.com.br/fnet/publico/downloadDocumento?id=107478 ,07/12/2012,0.99, R$98.71 , R$97.73 , R$9.15 ,10.4%," R$631,268 "," R$845,042 "," R$213,774 ",25.30%,30/09/2022," R$1,004 ", 860 , Liquidez Alta 
58.00, FI Imobilia-Unica ,30166700000111, RBRY11 ,0.55%, Tradicional ,100%," R$542,477 ", TVM , FII TVM Gestão Ativa ,1%, Sim , https://fnet.bmfbovespa.com.br/fnet/publico/downloadDocumento?id=198141 ,24/05/2018,0.98, R$99.51 , R$97.80 , R$14.52 ,14.0%," R$551,984 "," R$562,749 "," R$10,765 ",1.91%,30/09/2022, R$931 ," 1,155 ", Liquidez Alta 
59.00, Rbr Log FI-Unica ,35705463000133, RBRL11 ,0.54%, Tradicional ,100%," R$601,833 ", Híbrido , FII Desenv. para Renda Gestão Ativa ,Consultar Regulamento, Sim , https://fnet.bmfbovespa.com.br/fnet/publico/downloadDocumento?id=91461 ,02/01/2020,0.84, R$107.43 , R$90.00 , R$8.17 ,8.5%," R$718,355 "," R$792,961 "," R$74,605 ",9.41%,30/09/2022, R$674 , 465 , Liquidez Alta 
60.00, FII BTG Pactual Agro Logistica-Unica ,36642244000115, BTAL11 ,0.53%, Tradicional ,100%," R$601,564 ", Outros , FII Renda Gestão Ativa ,Consultar Regulamento, Não , https://fnet.bmfbovespa.com.br/fnet/publico/downloadDocumento?id=142210 ,28/01/2021,0.95, R$106.29 , R$100.55 , R$9.81 ,9.8%," R$635,897 "," R$646,075 "," R$10,178 ",1.58%,30/09/2022, R$943 ," 1,015 ", Liquidez Alta 
61.00, Xp Industrial FII ,28516325000140, XPIN11 ,0.52%, Tradicional ,100%," R$604,139 ", Outros , FII Renda Gestão Ativa ,1%, Não , https://fnet.bmfbovespa.com.br/fnet/publico/downloadDocumento?id=71208 ,04/07/2018,0.81, R$104.72 , R$84.49 , R$7.43 ,7.9%," R$748,758 "," R$907,575 "," R$158,817 ",17.50%,30/09/2022, R$564 , 468 , Liquidez Alta 
62.00, FI Imobilia-Unica ,29216463000177, MGFF11 ,0.52%, Tradicional ,100%," R$589,105 ", TVM , FII TVM Gestão Ativa ,1%, Sim , https://fnet.bmfbovespa.com.br/fnet/publico/downloadDocumento?id=138608 ,27/03/2018,0.84, R$77.87 , R$65.09 , R$6.66 ,9.4%," R$704,765 "," R$711,112 "," R$6,347 ",0.89%,30/09/2022," R$1,069 "," 1,141 ", Liquidez Alta 
63.00, FII Guardian Logistica-Unica ,37295919000160, GALG11 ,0.49%, Tradicional ,100%," R$555,883 ", Híbrido , FII Hibrido Gestão Ativa ,1%, Sim , https://fnet.bmfbovespa.com.br/fnet/publico/downloadDocumento?id=344154 ,02/10/2020,0.95, R$10.14 , R$9.67 , R$0.99 ,9.7%," R$583,172 "," R$966,459 "," R$383,288 ",39.66%,30/09/2022, R$997 ," 1,021 ", Liquidez Alta 
64.00, BTG Pactual Fundo de Cri FII-Unica ,9552812000114, FEXC11 ,0.47%, Tradicional ,100%," R$531,921 ", TVM , FII TVM Gestão Ativa ,1%, Não , https://fnet.bmfbovespa.com.br/fnet/publico/downloadDocumento?id=158613 ,06/05/2008,0.95, R$91.87 , R$87.15 , R$11.97 ,13.9%," R$560,711 "," R$589,797 "," R$29,086 ",4.93%,30/09/2022, R$972 , 714 , Liquidez Alta 
65.00, FI Imobiliario Rio BR ,3683056000186, RCRB11 ,0.47%, Tradicional ,100%," R$524,116 ", Lajes Corporativas , FII Renda Gestão Ativa ,Consultar Regulamento, Não , https://fnet.bmfbovespa.com.br/fnet/publico/downloadDocumento?id=103192 ,09/06/2000,0.72, R$197.16 , R$142.01 , R$8.35 ,5.6%," R$727,640 "," R$834,534 "," R$106,894 ",12.81%,30/09/2022, R$669 , 802 , Liquidez Alta 
66.00, FII FII Rec Renda Imobiliaria-Unica ,32274163000159, RECT11 ,0.45%, Tradicional ,100%," R$515,942 ", Híbrido , FII Hibrido Gestão Ativa ,0%, Não , https://fnet.bmfbovespa.com.br/fnet/publico/downloadDocumento?id=113369 ,24/04/2019,0.63, R$95.44 , R$60.39 , R$6.19 ,9.0%," R$815,414 "," R$1,005,246 "," R$189,832 ",18.88%,30/09/2022, R$737 , 648 , Liquidez Alta 
67.00, FI Imobiliario Barigu ,29267567000100, BARI11 ,0.39%, Tradicional ,100%," R$439,785 ", TVM , FII TVM Gestão Ativa ,1%, Sim , https://fnet.bmfbovespa.com.br/fnet/publico/downloadDocumento?id=117331 ,12/12/2018,0.94, R$100.95 , R$94.90 , R$14.70 ,14.2%," R$467,818 "," R$472,607 "," R$4,789 ",1.01%,30/09/2022," R$1,137 ", 860 , Liquidez Alta 
68.00, Patria Logistica Fundo de Inve-Unica ,35754164000199, PATL11 ,0.37%, Tradicional ,100%," R$420,337 ", Híbrido , FII Hibrido Gestão Ativa ,1%, Não , https://fnet.bmfbovespa.com.br/fnet/publico/downloadDocumento?id=324565 ,05/08/2020,0.86, R$98.09 , R$84.21 , R$6.93 ,9.8%," R$489,621 "," R$493,063 "," R$3,442 ",0.70%,30/09/2022," R$1,126 ", 838 , Liquidez Alta 
69.00, Kinea Fundo de Fundos de Inves-Unica ,30091444000140, KFOF11 ,0.36%, Tradicional ,100%," R$409,857 ", TVM , FII TVM Gestão Ativa ,1%, Sim , https://fnet.bmfbovespa.com.br/fnet/publico/downloadDocumento?id=97295 ,03/09/2018,0.90, R$100.23 , R$90.41 , R$7.81 ,9.5%," R$454,363 "," R$459,000 "," R$4,637 ",1.01%,30/09/2022, R$649 ," 1,011 ", Liquidez Alta 
70.00, Merito Desenvolvimento Imobiliario FII ,16915968000188, MFII11 ,0.36%, Tradicional ,100%," R$410,128 ", Híbrido , FII Hibrido Gestão Ativa ,2%, Sim , https://fnet.bmfbovespa.com.br/fnet/publico/downloadDocumento?id=252906 ,06/03/2013,0.97, R$101.57 , R$98.90 , R$13.85 ,12.2%," R$421,213 "," R$433,070 "," R$11,857 ",2.74%,30/09/2022, R$418 , 349 , Liquidez Moderada 
71.00, Suno Recebiveis FII-Unica ,41076710000182, SNCI11 ,0.36%, Tradicional ,100%," R$368,584 ", TVM , FII TVM Gestão Ativa ,1%, Não , https://fnet.bmfbovespa.com.br/fnet/publico/downloadDocumento?id=222998 ,05/07/2021,1.02, R$97.58 , R$99.69 , R$15.20 ,14.9%," R$360,776 "," R$386,312 "," R$25,536 ",6.61%,30/09/2022," R$1,778 "," 1,760 ", Liquidez Alta 
72.00, Capitania Reit Fof - FII-Unica ,34081611000123, CPFF11 ,0.35%, Tradicional ,100%," R$399,414 ", TVM , FII TVM Gestão Ativa ,1%, Sim , https://fnet.bmfbovespa.com.br/fnet/publico/downloadDocumento?id=118849 ,23/12/2019,0.90, R$81.48 , R$73.29 , R$7.17 ,9.1%," R$444,052 "," R$452,465 "," R$8,413 ",1.86%,30/09/2022, R$980 , 574 , Liquidez Alta 
73.00, Autonomy Edificios Corporativo-Unica ,35765826000126, AIEC11 ,0.34%, Tradicional ,100%," R$383,683 ", Lajes Corporativas , FII Renda Gestão Ativa ,1%, Sim , https://fnet.bmfbovespa.com.br/fnet/publico/downloadDocumento?id=223761 ,02/09/2020,0.78, R$101.41 , R$79.52 , R$8.85 ,12.0%," R$489,318 "," R$493,003 "," R$3,684 ",0.75%,30/09/2022, R$625 , 589 , Liquidez Alta 
74.00, Kilima Fc de FII Suno 30-Unica ,36669660000107, KISU11 ,0.34%, Tradicional ,100%," R$380,970 ", TVM , FII TVM Gestão Ativa ,1%, Não , https://fnet.bmfbovespa.com.br/fnet/publico/downloadDocumento?id=154429 ,08/10/2020,0.92, R$9.38 , R$8.62 , R$0.84 ,10.3%," R$414,610 "," R$418,334 "," R$3,724 ",0.89%,30/09/2022," R$1,124 ", 841 , Liquidez Alta 
75.00, Riza Arctium Real Estate FII-Unica ,28267696000136, ARCT11 ,0.33%, Tradicional ,100%," R$366,886 ", Outros , FII Hibrido Gestão Ativa ,1%, Sim , https://fnet.bmfbovespa.com.br/fnet/publico/downloadDocumento?id=155303 ,23/05/2019,0.99, R$99.86 , R$98.94 , R$17.42 ,17.3%," R$370,290 "," R$378,450 "," R$8,159 ",2.16%,30/09/2022," R$1,829 "," 1,449 ", Liquidez Alta 
76.00, Polo Cred Imob FII-Unica ,17156502000109, PORD11 ,0.31%, Tradicional ,100%," R$354,829 ", TVM , FII TVM Gestão Ativa ,1%, Sim , https://fnet.bmfbovespa.com.br/fnet/publico/downloadDocumento?id=239929 ,04/01/2013,0.97, R$97.94 , R$95.17 , R$15.01 ,15.7%," R$365,160 "," R$372,137 "," R$6,978 ",1.88%,30/09/2022, R$822 , 700 , Liquidez Alta 
77.00, Riza Akin Fundo de Investiment-Unica ,36642219000131, RZAK11 ,0.30%, Tradicional ,100%," R$344,433 ", TVM , FII TVM Gestão Ativa ,1%, Sim , https://fnet.bmfbovespa.com.br/fnet/publico/downloadDocumento?id=124705 ,21/12/2020,1.08, R$93.49 , R$101.21 , R$17.08 ,19.4%," R$318,162 "," R$350,474 "," R$32,311 ",9.22%,30/09/2022," R$1,457 "," 3,004 ", Liquidez Alta 
78.00, Bradesco Carteira Imobiliaria -Classe Un ,20216935000117, BCIA11 ,0.30%, Tradicional ,100%," R$339,623 ", TVM , FII TVM Gestão Ativa ,1%, Sim , https://fnet.bmfbovespa.com.br/fnet/publico/downloadDocumento?id=102194 ,19/05/2015,0.84, R$108.44 , R$91.32 , R$8.35 ,9.6%," R$403,286 "," R$406,481 "," R$3,195 ",0.79%,30/09/2022, R$364 , 373 , Liquidez Moderada 
79.00, Bluemacaw Logistica Fundo de I-Unica ,34081637000171, BLMG11 ,0.30%, Tradicional ,100%," R$331,521 ", Híbrido , FII Hibrido Gestão Ativa ,1%, Sim , https://fnet.bmfbovespa.com.br/fnet/publico/downloadDocumento?id=143289 ,21/10/2020,0.94, R$92.46 , R$87.00 , R$9.90 ,10.1%," R$352,309 "," R$478,879 "," R$126,570 ",26.43%,30/09/2022, R$685 , 646 , Liquidez Alta 
80.00, Xp Selection FII-Unica ,30983020000190, XPSF11 ,0.29%, Tradicional ,100%," R$333,859 ", TVM , FII TVM Gestão Ativa ,1%, Não , https://fnet.bmfbovespa.com.br/fnet/publico/downloadDocumento?id=198148 ,10/07/2019,0.86, R$8.96 , R$7.71 , R$0.84 ,10.3%," R$387,866 "," R$391,652 "," R$3,786 ",0.97%,30/09/2022, R$782 , 694 , Liquidez Alta 
81.00, FII Industrial do Brasil-Unica ,14217108000145, FIIB11 ,0.29%, Tradicional ,100%," R$333,554 ", Híbrido , FII Híbrido Gestão Passiva ,Consultar Regulamento, Não , https://fnet.bmfbovespa.com.br/fnet/publico/downloadDocumento?id=168273 ,16/11/2011,1.07, R$456.37 , R$486.94 , R$40.61 ,8.7%," R$312,613 "," R$316,038 "," R$3,425 ",1.08%,30/09/2022, R$338 , 249 , Liquidez Moderada 
82.00, FII Xp Properties ,30654849000140, XPPR11 ,0.28%, Tradicional ,100%," R$318,546 ", Híbrido , FII Hibrido Gestão Ativa ,1%, Sim , https://fnet.bmfbovespa.com.br/fnet/publico/downloadDocumento?id=62624 ,01/01/2019,0.58, R$75.65 , R$43.54 , R$5.20 ,7.6%," R$553,458 "," R$940,334 "," R$386,876 ",41.14%,30/09/2022," R$1,014 ", 624 , Liquidez Alta 
83.00, FI Imobiliario Brasil Plural A-Unica ,17324357000128, BPFF11 ,0.28%, Tradicional ,100%," R$315,137 ", TVM , FII Renda Gestão Ativa ,0%, Sim , https://fnet.bmfbovespa.com.br/fnet/publico/downloadDocumento?id=285628 ,15/04/2013,0.89, R$78.87 , R$70.15 , R$7.92 ,11.5%," R$354,314 "," R$357,690 "," R$3,376 ",0.94%,30/09/2022, R$471 , 680 , Liquidez Moderada 
84.00, Ourinvest Jpp Fundo de Investi-Classe Un ,26091656000150, OUJP11 ,0.28%, Tradicional ,100%," R$312,749 ", Híbrido , FII TVM Gestão Ativa ,1%, Sim , https://fnet.bmfbovespa.com.br/fnet/publico/downloadDocumento?id=261968 ,17/01/2017,0.95, R$100.86 , R$96.16 , R$14.48 ,16.0%," R$328,049 "," R$332,258 "," R$4,209 ",1.27%,30/09/2022, R$658 , 748 , Liquidez Alta 
85.00, FII BTG Pactual Terras Agricol-Unica ,41076607000132, BTRA11 ,0.27%, Tradicional ,100%," R$307,857 ", Outros , FII Renda Gestão Ativa ,1%, Sim , https://fnet.bmfbovespa.com.br/fnet/publico/downloadDocumento?id=177739 ,29/06/2021,0.89, R$103.34 , R$91.50 , R$9.69 ,10.6%," R$347,697 "," R$380,101 "," R$32,404 ",8.53%,30/09/2022, R$777 , 655 , Liquidez Alta 
86.00, Maua Capital Hedge Fund FII-Unica ,36642139000186, MCHF11 ,0.26%, Tradicional ,100%," R$293,030 ", TVM , FII TVM Gestão Ativa ,1%, Sim , https://fnet.bmfbovespa.com.br/fnet/publico/downloadDocumento?id=173003 ,01/07/2021,0.96, R$9.42 , R$9.07 , R$1.35 ,13.5%," R$304,441 "," R$323,462 "," R$19,021 ",5.88%,30/09/2022, R$860 , 902 , Liquidez Alta 
87.00, Af Invest Cri Fundo de Investi-Unica ,36642293000158, AFHI11 ,0.26%, Tradicional ,100%," R$290,683 ", TVM , FII TVM Gestão Ativa ,1%, Não , https://fnet.bmfbovespa.com.br/fnet/publico/downloadDocumento?id=309526 ,03/03/2021,1.01, R$95.28 , R$96.27 , R$15.30 ,16.2%," R$287,689 "," R$291,774 "," R$4,086 ",1.40%,30/09/2022, R$834 , 708 , Liquidez Alta 
88.00, Santander Papeis Imobiliarios -Unica ,32903521000145, SADI11 ,0.26%, Tradicional ,100%," R$291,848 ", TVM , FII TVM Gestão Ativa ,Consultar Regulamento, Não , https://fnet.bmfbovespa.com.br/fnet/publico/downloadDocumento?id=124014 ,02/08/2019,0.92, R$99.94 , R$91.77 , R$10.64 ,12.9%," R$317,822 "," R$321,663 "," R$3,841 ",1.19%,30/09/2022, R$848 ," 1,214 ", Liquidez Alta 
89.00, Tordesilhas Ei FII ,30230870000118, TORD11 ,0.25%, Tradicional ,100%," R$283,565 ", Outros , FII Desenv. para Venda Gestão Ativa ,2%, Sim , https://fnet.bmfbovespa.com.br/fnet/publico/downloadDocumento?id=249400 ,30/08/2019,0.57, R$14.10 , R$8.09 , R$0.97 ,9.2%," R$494,190 "," R$494,803 ", R$613 ,0.12%,30/09/2022, R$812 , 557 , Liquidez Alta 
90.00, Versalhes Recebiveis Imobiliarios - FI Imobiliario ,36244015000142, VSLH11 ,0.24%, Tradicional ,100%," R$270,270 ", TVM , FII TVM Gestão Ativa ,1%, Sim , https://fnet.bmfbovespa.com.br/fnet/publico/downloadDocumento?id=314686 ,08/01/2021,0.86, R$10.50 , R$9.05 , R$1.38 ,13.7%," R$313,576 "," R$314,462 ", R$886 ,0.28%,30/09/2022," R$1,168 ", 669 , Liquidez Alta 
91.00, Suno Fundo de Fundos de Invest-Unica ,40011225000168, SNFF11 ,0.22%, Tradicional ,100%," R$251,898 ", TVM , FII TVM Gestão Ativa ,Consultar Regulamento, Sim , https://fnet.bmfbovespa.com.br/fnet/publico/downloadDocumento?id=157040 ,03/05/2021,0.94, R$94.23 , R$89.01 , R$8.47 ,8.9%," R$266,673 "," R$288,655 "," R$21,981 ",7.62%,30/09/2022, R$592 , 428 , Liquidez Alta 
92.00, Quasar Agro - FI Imob ,32754734000152, QAGR11 ,0.21%, Tradicional ,100%," R$235,620 ", Outros , FII Renda Gestão Ativa ,1%, Não , https://fnet.bmfbovespa.com.br/fnet/publico/downloadDocumento?id=231245 ,07/11/2019,0.84, R$55.84 , R$46.75 , R$4.72 ,9.1%," R$281,414 "," R$288,478 "," R$7,064 ",2.45%,30/09/2022, R$441 , 339 , Liquidez Moderada 
93.00, CSHG Imobiliario Fof - FII-Unica ,32784898000122, HGFF11 ,0.20%, Tradicional ,100%," R$229,947 ", TVM , FII TVM Gestão Ativa ,Consultar Regulamento, Sim , https://fnet.bmfbovespa.com.br/fnet/publico/downloadDocumento?id=118047 ,22/08/2019,0.87, R$92.53 , R$80.30 , R$7.27 ,9.8%," R$264,977 "," R$267,572 "," R$2,595 ",0.97%,30/09/2022, R$525 , 974 , Liquidez Alta 
94.00, Vinci Imoveis Urbanos Fundo de ,36445587000190, VIUR11 ,0.19%, Tradicional ,100%," R$219,342 ", Outros , FII Renda Gestão Ativa ,1%, Sim , https://fnet.bmfbovespa.com.br/fnet/publico/downloadDocumento?id=170860 ,28/05/2021,0.86, R$9.50 , R$8.14 , R$0.85 ,10.6%," R$255,883 "," R$382,480 "," R$126,597 ",33.10%,30/09/2022, R$285 , 322 , Liquidez Moderada 
95.00, Hosp Nossa Senhora de Lourdes -Unica ,8014513000163, NSLU11 ,0.19%, Tradicional ,100%," R$214,039 ", Hospital , FII Renda Gestão Passiva ,Consultar Regulamento, Não , https://fnet.bmfbovespa.com.br/fnet/publico/downloadDocumento?id=19810 ,20/04/2006,0.85, R$194.57 , R$165.50 , R$12.16 ,5.4%," R$251,630 "," R$255,749 "," R$4,119 ",1.61%,30/09/2022, R$317 , 207 , Liquidez Moderada 
96.00, Rio Bravo Fundo de Fundos de I-Unica ,17329029000114, RBFF11 ,0.19%, Tradicional ,100%," R$218,204 ", TVM , FII TVM Gestão Ativa ,Consultar Regulamento, Sim , https://fnet.bmfbovespa.com.br/fnet/publico/downloadDocumento?id=122961 ,06/05/2013,0.86, R$67.86 , R$58.20 , R$5.83 ,9.6%," R$254,416 "," R$258,580 "," R$4,164 ",1.61%,30/09/2022, R$618 , 297 , Liquidez Alta 
97.00, FII Logistica ,27368600000163, VTLT11 ,0.18%, Tradicional ,100%," R$211,500 ", Logistica , FII Renda Gestão Ativa ,1%, Não , https://fnet.bmfbovespa.com.br/fnet/publico/downloadDocumento?id=74578 ,15/12/2017,0.97, R$102.88 , R$100.00 , R$9.72 ,9.9%," R$217,591 "," R$219,614 "," R$2,023 ",0.92%,30/09/2022, R$295 , 323 , Liquidez Moderada 
98.00, Bluemacaw Renda+ Fof Fundo de -Unica ,36368869000130, BLMR11 ,0.18%, Tradicional ,100%," R$201,779 ", TVM , FII TVM Gestão Ativa ,1%, Sim , https://fnet.bmfbovespa.com.br/fnet/publico/downloadDocumento?id=129755 ,13/08/2020,0.93, R$8.45 , R$7.90 , R$0.89 ,11.3%," R$215,896 "," R$217,985 "," R$2,089 ",0.96%,30/09/2022, R$579 , 459 , Liquidez Alta 
99.00, Cartesia Recebiveis Imobiliari-Unica ,32065364000146, CACR11 ,0.16%, Tradicional ,100%," R$183,346 ", Híbrido , FII Hibrido Gestão Ativa ,Consultar Regulamento, Sim , https://fnet.bmfbovespa.com.br/fnet/publico/downloadDocumento?id=269089 ,17/10/2019,0.98, R$103.47 , R$101.44 , R$17.75 ,16.9%," R$187,009 "," R$192,159 "," R$5,150 ",2.68%,30/09/2022, R$354 , 687 , Liquidez Moderada 
100.00, Plural Recebiveis Imobiliarios Fundo de ,32527683000126, PLCR11 ,0.16%, Tradicional ,100%," R$182,295 ", TVM , FII TVM Gestão Ativa ,Consultar Regulamento, Não , https://fnet.bmfbovespa.com.br/fnet/publico/downloadDocumento?id=65792 ,06/11/2019,0.94, R$92.04 , R$86.43 , R$12.90 ,14.3%," R$194,131 "," R$196,528 "," R$2,398 ",1.22%,30/09/2022, R$397 , 379 , Liquidez Moderada 
101.00, More Real Estate Fof FII Fundo-Unica ,34197727000122, MORE11 ,0.15%, Tradicional ,100%," R$174,166 ", TVM , FII TVM Gestão Ativa ,Consultar Regulamento, Sim , https://fnet.bmfbovespa.com.br/fnet/publico/downloadDocumento?id=79244 ,31/01/2020,0.85, R$88.09 , R$75.10 , R$8.26 ,10.2%," R$204,285 "," R$206,340 "," R$2,055 ",1.00%,30/09/2022, R$557 , 471 , Liquidez Alta 
102.00, Nch Eqi High Yield Recebiveis -Unica ,18085673000157, NCHB11 ,0.13%, Tradicional ,100%," R$148,507 ", TVM , FII TVM Gestão Ativa ,1%, Não , https://fnet.bmfbovespa.com.br/fnet/publico/downloadDocumento?id=194282 ,13/11/2013,1.02, R$91.11 , R$92.71 , R$15.71 ,16.7%," R$145,950 "," R$150,306 "," R$4,356 ",2.90%,30/09/2022, R$581 , 401 , Liquidez Alta 
103.00, Hsi Ativos Financeiros - Fundo-Unica ,35360687000150, HSAF11 ,0.13%, Tradicional ,100%," R$212,214 ", TVM , FII TVM Gestão Ativa ,1%, Sim , https://fnet.bmfbovespa.com.br/fnet/publico/downloadDocumento?id=111053 ,03/09/2020,0.91, R$92.30 , R$84.00 , R$13.15 ,14.3%," R$233,173 "," R$236,192 "," R$3,019 ",1.28%,30/09/2022, R$414 , 556 , Liquidez Moderada 
104.00, Brazilian Graveyard FII-Unica ,13584584000131, CARE11 ,0.13%, Tradicional ,100%," R$139,503 ", Lajes Corporativas , FII Renda Gestão Ativa ,2%, Sim , https://fnet.bmfbovespa.com.br/fnet/publico/downloadDocumento?id=248301 ,12/12/2011,0.48, R$8.16 , R$3.90 , R$-   ,0.0%," R$291,979 "," R$292,634 ", R$655 ,0.22%,30/09/2022, R$416 , 46 , Liquidez Moderada 
105.00, Vbi Reits Fof FI Imob ,35507457000171, RVBI11 ,0.10%, Tradicional ,100%," R$114,120 ", TVM , FII Renda Gestão Ativa ,Consultar Regulamento, Sim , https://fnet.bmfbovespa.com.br/fnet/publico/downloadDocumento?id=79822 ,04/02/2020,0.91, R$86.86 , R$79.25 , R$9.00 ,10.3%," R$125,085 "," R$129,155 "," R$4,070 ",3.15%,30/09/2022, R$287 , 336 , Liquidez Moderada 
106.00, FI Átrio Reit Recebíveis Imobiliários ,32006821000121, ARRI11 ,0.10%, Tradicional ,100%," R$107,104 ", TVM , - ,1%, Sim , https://fnet.bmfbovespa.com.br/fnet/publico/downloadDocumento?id=334698 ,31/10/2019,0.99, R$9.22 , R$9.09 , R$1.63 ,16.7%," R$108,613 "," R$110,577 "," R$1,963 ",1.78%,30/09/2022, R$391 , 397 , Liquidez Moderada 
107.00, SP Downtown FII ,15538445000105, SPTW11 ,0.07%, Tradicional ,100%," R$77,728 ", Outros , FII Renda Gestão Ativa ,0%, Não , https://fnet.bmfbovespa.com.br/fnet/publico/downloadDocumento?id=11346 ,22/03/2013,0.81, R$53.06 , R$43.23 , R$5.53 ,11.3%," R$95,404 "," R$96,190 ", R$786 ,0.82%,30/09/2022, R$180 , 146 , Liquidez Moderada 
108.00, Vinci Instrumentos Financeiros Fundo de ,31547855000160,,0.05%, Tradicional ,100%," R$61,235 ", TVM , FII TVM Gestão Ativa ,1%, Sim , https://fnet.bmfbovespa.com.br/fnet/publico/downloadDocumento?id=92456 ,04/09/2019,0.80, R$9.44 , R$7.57 , R$0.75 ,9.5%," R$76,389 "," R$77,091 ", R$701 ,0.91%,30/09/2022, R$278 , 137 , Liquidez Moderada 
